"","Time","Category","Index_Region","Index_Estimate","Index_SD","Date","Year"
"1",1972,1,"Lat_35",4.76911317455917,3.31875177837901,1972-07-20,1972
"2",1972,1,"Lat_36",40.3701764740556,15.3573750339345,1972-05-23,1972
"3",1972,1,"Lat_37",87.5817599526035,29.0470241673115,1972-06-27,1972
"4",1972,1,"Lat_38",67.8942265477512,21.757612540212,1972-05-16,1972
"5",1972,1,"Lat_39",31.3054907387367,11.4211261557613,1972-07-11,1972
"6",1972,1,"Lat_40",55.3917355724496,18.601345035212,1972-06-03,1972
"7",1972,1,"Lat_41",20.1082956253806,9.22380441670357,1972-05-08,1972
"8",1972,1,"Lat_42",0.0165816068735541,0.016776230883539,1972-07-10,1972
"9",1972,1,"Lat_43",0.00183626634738129,0.00384835269111274,1972-05-02,1972
"10",1972,1,"Lat_44",0.000704542056122236,0.002089916998294,1972-05-20,1972
"11",1973,1,"Lat_35",4.59442723161433,2.5682186177427,1973-05-11,1973
"12",1973,1,"Lat_36",57.1400066742774,18.4877983177919,1973-06-27,1973
"13",1973,1,"Lat_37",177.26370183609,54.52938304931,1973-07-07,1973
"14",1973,1,"Lat_38",214.314835677035,57.04153632576,1973-06-13,1973
"15",1973,1,"Lat_39",108.130148662434,30.8893983843025,1973-05-28,1973
"16",1973,1,"Lat_40",164.318847446168,39.739120391886,1973-05-23,1973
"17",1973,1,"Lat_41",44.6588414126635,16.2650839793146,1973-07-09,1973
"18",1973,1,"Lat_42",0.0524502486485687,0.051417300425827,1973-05-26,1973
"19",1973,1,"Lat_43",0.00362833888398171,0.00822727749261864,1973-07-18,1973
"20",1973,1,"Lat_44",0.00376369405678863,0.0111723869325724,1973-07-03,1973
"21",1974,1,"Lat_35",2.45387037609671,1.44612858273533,1974-06-14,1974
"22",1974,1,"Lat_36",30.9986162265229,10.6906554300008,1974-05-20,1974
"23",1974,1,"Lat_37",121.779106149002,38.2082363861814,1974-06-15,1974
"24",1974,1,"Lat_38",232.490751722365,63.0424068259833,1974-06-24,1974
"25",1974,1,"Lat_39",176.592153412187,50.0211531257374,1974-05-13,1974
"26",1974,1,"Lat_40",264.217775081464,54.1442416320101,1974-05-30,1974
"27",1974,1,"Lat_41",89.1892269763447,29.6892473811607,1974-07-15,1974
"28",1974,1,"Lat_42",0.0498201274755586,0.0454754343447626,1974-06-13,1974
"29",1974,1,"Lat_43",0.0199204227794113,0.0421778425315107,1974-06-27,1974
"30",1974,1,"Lat_44",0.0181239649527225,0.0531568829558104,1974-06-19,1974
"31",1975,1,"Lat_35",8.4282614242143,4.39326490727172,1975-07-06,1975
"32",1975,1,"Lat_36",109.510820686839,35.6355429948689,1975-06-16,1975
"33",1975,1,"Lat_37",383.043876228258,107.118293376815,1975-06-27,1975
"34",1975,1,"Lat_38",465.011763365581,125.616961105377,1975-05-29,1975
"35",1975,1,"Lat_39",333.247716986145,88.1107715231199,1975-07-04,1975
"36",1975,1,"Lat_40",470.393181934785,100.842040170047,1975-07-08,1975
"37",1975,1,"Lat_41",84.785915983615,25.2499282136596,1975-05-19,1975
"38",1975,1,"Lat_42",0.0474613575316429,0.0498808971383526,1975-06-15,1975
"39",1975,1,"Lat_43",0.00772343907097325,0.0165717931105824,1975-06-23,1975
"40",1975,1,"Lat_44",0.00385416065151962,0.0111087811418087,1975-05-13,1975
"41",1976,1,"Lat_35",3.91304862887752,2.303165011726,1976-06-16,1976
"42",1976,1,"Lat_36",41.5912627117124,14.030739786041,1976-05-12,1976
"43",1976,1,"Lat_37",144.857084291249,42.9013040729721,1976-06-27,1976
"44",1976,1,"Lat_38",191.47083639101,55.7018749109908,1976-06-23,1976
"45",1976,1,"Lat_39",181.234236242105,50.1507274366711,1976-07-26,1976
"46",1976,1,"Lat_40",256.723971939558,54.6917229182944,1976-05-29,1976
"47",1976,1,"Lat_41",69.907460348775,20.4310514400093,1976-07-28,1976
"48",1976,1,"Lat_42",0.0647983681808231,0.0592672781285667,1976-07-14,1976
"49",1976,1,"Lat_43",0.0112203577380161,0.023372175251917,1976-06-03,1976
"50",1976,1,"Lat_44",0.00352569510952284,0.0103971310377863,1976-07-27,1976
"51",1977,1,"Lat_35",5.20243073918311,3.29417772145308,1977-05-27,1977
"52",1977,1,"Lat_36",52.2048603616181,18.1257143399227,1977-06-18,1977
"53",1977,1,"Lat_37",206.070891266364,59.6607410659934,1977-06-25,1977
"54",1977,1,"Lat_38",274.785689248188,76.78427263179,1977-05-22,1977
"55",1977,1,"Lat_39",252.055545570634,75.8973948019662,1977-07-30,1977
"56",1977,1,"Lat_40",493.2158652153,108.666679983128,1977-06-06,1977
"57",1977,1,"Lat_41",99.4342999415163,30.5027608539213,1977-06-14,1977
"58",1977,1,"Lat_42",0.0618957000547093,0.0676793812769503,1977-07-04,1977
"59",1977,1,"Lat_43",0.0075824296964227,0.0157547271117392,1977-05-22,1977
"60",1977,1,"Lat_44",0.00264615951335444,0.00752511995157361,1977-06-01,1977
"61",1978,1,"Lat_35",1.56553156947011,1.10454847442997,1978-07-02,1978
"62",1978,1,"Lat_36",13.2541661442895,6.07772017095298,1978-07-13,1978
"63",1978,1,"Lat_37",45.198932517112,17.402654745576,1978-05-24,1978
"64",1978,1,"Lat_38",46.053029793354,17.087546634982,1978-07-02,1978
"65",1978,1,"Lat_39",40.2213991962123,14.6844533318512,1978-07-23,1978
"66",1978,1,"Lat_40",103.840501991004,25.9741424549632,1978-05-14,1978
"67",1978,1,"Lat_41",25.1018597287684,7.3262842383763,1978-06-29,1978
"68",1978,1,"Lat_42",0.0188536265653776,0.0173342867778425,1978-06-14,1978
"69",1978,1,"Lat_43",0.00132640364633279,0.00270146594313882,1978-07-18,1978
"70",1978,1,"Lat_44",0.00122328672004383,0.0034655142737462,1978-06-06,1978
"71",1979,1,"Lat_35",2.10914383268214,1.33337323093214,1979-05-02,1979
"72",1979,1,"Lat_36",23.8347005147206,9.20361403553923,1979-07-28,1979
"73",1979,1,"Lat_37",95.6539753753584,30.5218665198766,1979-06-01,1979
"74",1979,1,"Lat_38",109.736180702332,36.5081293368209,1979-07-13,1979
"75",1979,1,"Lat_39",78.714606313107,26.9963318266817,1979-07-04,1979
"76",1979,1,"Lat_40",117.850697418783,25.7615617696197,1979-05-17,1979
"77",1979,1,"Lat_41",25.6439638015247,7.17884882245959,1979-06-07,1979
"78",1979,1,"Lat_42",0.0421007968230872,0.0341175384327283,1979-05-18,1979
"79",1979,1,"Lat_43",0.00647263888726756,0.014618800857985,1979-05-02,1979
"80",1979,1,"Lat_44",0.0031937783626601,0.00895167734150146,1979-06-17,1979
"81",1980,1,"Lat_35",7.1889557639261,4.21683495849277,1980-05-30,1980
"82",1980,1,"Lat_36",54.8430666821184,18.3827741719835,1980-06-26,1980
"83",1980,1,"Lat_37",242.662706715255,71.0030274749273,1980-07-06,1980
"84",1980,1,"Lat_38",231.056150414449,81.5737315756637,1980-07-06,1980
"85",1980,1,"Lat_39",118.930110034408,44.6311964048596,1980-05-28,1980
"86",1980,1,"Lat_40",386.914429393919,94.6126935348314,1980-06-05,1980
"87",1980,1,"Lat_41",72.5932082277256,24.4037058362797,1980-05-27,1980
"88",1980,1,"Lat_42",0.028774230780027,0.0255825886131247,1980-05-12,1980
"89",1980,1,"Lat_43",0.00109591695457347,0.00220197319030791,1980-07-22,1980
"90",1980,1,"Lat_44",0.000519992705540636,0.00151504181758953,1980-07-20,1980
"91",1981,1,"Lat_35",1.6083938236171,1.00132921525572,1981-05-27,1981
"92",1981,1,"Lat_36",15.5313081934121,6.36918610409694,1981-05-24,1981
"93",1981,1,"Lat_37",76.6256686952728,26.8712146329546,1981-06-12,1981
"94",1981,1,"Lat_38",118.515363930959,39.6756482627279,1981-05-13,1981
"95",1981,1,"Lat_39",95.5786631198141,33.9447464463961,1981-05-11,1981
"96",1981,1,"Lat_40",140.718536172567,33.9765163605179,1981-06-26,1981
"97",1981,1,"Lat_41",30.5570475917241,9.47931327790747,1981-05-26,1981
"98",1981,1,"Lat_42",0.0203456568427431,0.0222964898469141,1981-06-20,1981
"99",1981,1,"Lat_43",0.000666962761047239,0.00138305664564841,1981-06-19,1981
"100",1981,1,"Lat_44",0.000435857177845773,0.00124745242057834,1981-05-02,1981
"101",1982,1,"Lat_35",1.45875446207829,0.887386338600161,1982-07-08,1982
"102",1982,1,"Lat_36",11.6208870782981,4.91706559753764,1982-07-12,1982
"103",1982,1,"Lat_37",66.5007683421955,22.5764109804585,1982-07-14,1982
"104",1982,1,"Lat_38",137.643077186976,42.7001127306343,1982-07-17,1982
"105",1982,1,"Lat_39",79.2748657227537,26.1026863035597,1982-07-24,1982
"106",1982,1,"Lat_40",149.695910082459,37.4727684464408,1982-06-21,1982
"107",1982,1,"Lat_41",38.3806215856244,13.47874907701,1982-05-01,1982
"108",1982,1,"Lat_42",0.0180125498160982,0.0180637952884887,1982-07-07,1982
"109",1982,1,"Lat_43",0.00181978493057327,0.00416031568083646,1982-07-15,1982
"110",1982,1,"Lat_44",0.00103668154043527,0.00300503993037358,1982-06-03,1982
"111",1983,1,"Lat_35",1.90715447661866,1.26909437092914,1983-05-12,1983
"112",1983,1,"Lat_36",13.4650461973305,5.33510620877017,1983-05-05,1983
"113",1983,1,"Lat_37",75.5043560270469,21.1703932172191,1983-06-30,1983
"114",1983,1,"Lat_38",148.143456309347,45.4547579105323,1983-07-30,1983
"115",1983,1,"Lat_39",71.0273631115852,23.9205496362232,1983-06-01,1983
"116",1983,1,"Lat_40",79.805989922107,22.9700737701524,1983-05-21,1983
"117",1983,1,"Lat_41",21.9450284482456,7.88006991272958,1983-07-08,1983
"118",1983,1,"Lat_42",0.00789953047103859,0.00753459814592277,1983-07-23,1983
"119",1983,1,"Lat_43",0.00213826490088963,0.00455060497641801,1983-06-18,1983
"120",1983,1,"Lat_44",0.00115888107771179,0.00333384313391545,1983-05-23,1983
"121",1984,1,"Lat_35",1.35327466743933,0.986934051417555,1984-07-02,1984
"122",1984,1,"Lat_36",9.59213404150749,4.1011886733243,1984-07-20,1984
"123",1984,1,"Lat_37",57.2536425119666,19.3443405382699,1984-07-09,1984
"124",1984,1,"Lat_38",114.630014910299,33.7871271077963,1984-06-29,1984
"125",1984,1,"Lat_39",68.5070408902731,23.6538304325637,1984-06-21,1984
"126",1984,1,"Lat_40",101.422755399559,30.0330443555111,1984-05-06,1984
"127",1984,1,"Lat_41",35.4282948269211,13.5728439185134,1984-07-10,1984
"128",1984,1,"Lat_42",0.0977228168565012,0.112521528883582,1984-06-07,1984
"129",1984,1,"Lat_43",0.00837263914483037,0.01754922512428,1984-05-15,1984
"130",1984,1,"Lat_44",0.00639003993379555,0.018910825441039,1984-06-04,1984
"131",1985,1,"Lat_35",0.613536215135667,0.467488368503529,1985-05-15,1985
"132",1985,1,"Lat_36",5.00498103329911,2.49403749087271,1985-07-20,1985
"133",1985,1,"Lat_37",25.7311049046448,11.094171440385,1985-06-26,1985
"134",1985,1,"Lat_38",53.9574438563022,23.0560285990393,1985-05-02,1985
"135",1985,1,"Lat_39",41.763181603005,18.0650154974493,1985-05-06,1985
"136",1985,1,"Lat_40",109.269192944387,37.6532738327225,1985-07-30,1985
"137",1985,1,"Lat_41",34.4405429163556,15.0016991831235,1985-06-11,1985
"138",1985,1,"Lat_42",0.0317306198857407,0.0313297641895048,1985-06-03,1985
"139",1985,1,"Lat_43",0.00218185485629299,0.00446914297809776,1985-06-27,1985
"140",1985,1,"Lat_44",0.000857633053603645,0.00251444833836355,1985-07-30,1985
"141",1986,1,"Lat_35",0.367218116256373,0.307605329892748,1986-07-03,1986
"142",1986,1,"Lat_36",3.00804874105515,1.59187394822458,1986-06-02,1986
"143",1986,1,"Lat_37",18.4188658800885,7.923990786109,1986-07-02,1986
"144",1986,1,"Lat_38",31.987087365887,14.0367320188792,1986-05-25,1986
"145",1986,1,"Lat_39",36.9993342103961,16.5245969507247,1986-06-17,1986
"146",1986,1,"Lat_40",75.0652659086444,23.9859292242527,1986-06-07,1986
"147",1986,1,"Lat_41",32.5140981539098,13.2990906251325,1986-07-02,1986
"148",1986,1,"Lat_42",0.0292230587981232,0.0309388268385131,1986-07-03,1986
"149",1986,1,"Lat_43",0.00335369418585974,0.00635456519594348,1986-07-14,1986
"150",1986,1,"Lat_44",0.00163326686171085,0.00470192981944346,1986-06-17,1986
"151",1987,1,"Lat_35",0.316821212332716,0.297234661451826,1987-07-15,1987
"152",1987,1,"Lat_36",1.60923191368186,0.991118909983025,1987-06-06,1987
"153",1987,1,"Lat_37",3.61550467581085,1.98764476716354,1987-05-24,1987
"154",1987,1,"Lat_38",14.3503162022303,7.43605686508461,1987-07-08,1987
"155",1987,1,"Lat_39",16.6145188583293,8.22770497215489,1987-05-07,1987
"156",1987,1,"Lat_40",41.8477446624075,15.2900506220289,1987-07-26,1987
"157",1987,1,"Lat_41",16.3402707740003,7.49577870910407,1987-07-25,1987
"158",1987,1,"Lat_42",0.0303958645339477,0.0334605023445841,1987-05-22,1987
"159",1987,1,"Lat_43",0.00103528297938472,0.00223702126053171,1987-07-13,1987
"160",1987,1,"Lat_44",0.000341421570411492,0.00100749241759905,1987-05-19,1987
"161",1988,1,"Lat_35",0.316818138784248,0.278133633874228,1988-05-16,1988
"162",1988,1,"Lat_36",1.84730638671126,1.15548144620854,1988-05-10,1988
"163",1988,1,"Lat_37",4.59332346077804,2.79361821166594,1988-07-22,1988
"164",1988,1,"Lat_38",1.26939293269828,0.75345018771033,1988-06-07,1988
"165",1988,1,"Lat_39",0.429647293682618,0.273670525478412,1988-07-27,1988
"166",1988,1,"Lat_40",15.0772673570461,6.71720119724461,1988-06-15,1988
"167",1988,1,"Lat_41",14.436494912623,7.40782430256548,1988-06-03,1988
"168",1988,1,"Lat_42",0.00209012865074721,0.0021349271933333,1988-06-04,1988
"169",1988,1,"Lat_43",0.000556767394344187,0.00121453069257081,1988-07-06,1988
"170",1988,1,"Lat_44",0.000555451520162585,0.00162725938732287,1988-07-02,1988
"171",1989,1,"Lat_35",0.351710257315749,0.332429160578512,1989-06-25,1989
"172",1989,1,"Lat_36",1.79653137916761,1.03080448658994,1989-06-24,1989
"173",1989,1,"Lat_37",6.20404260471912,3.41081328862828,1989-05-18,1989
"174",1989,1,"Lat_38",7.14950857073819,4.00392197479375,1989-06-25,1989
"175",1989,1,"Lat_39",8.77410984820356,5.0430887139089,1989-05-29,1989
"176",1989,1,"Lat_40",20.6509101875129,9.31982612575693,1989-06-06,1989
"177",1989,1,"Lat_41",9.07406311139142,4.47412513890797,1989-07-14,1989
"178",1989,1,"Lat_42",0.00475646108326732,0.00548516098190545,1989-06-21,1989
"179",1989,1,"Lat_43",0.000252559388455873,0.000573406315029453,1989-06-30,1989
"180",1989,1,"Lat_44",0.000177921988744406,0.000511024788765916,1989-06-16,1989
"181",1990,1,"Lat_35",0.808320551030141,0.666868714390859,1990-06-05,1990
"182",1990,1,"Lat_36",4.36502065909008,2.17500326054808,1990-05-03,1990
"183",1990,1,"Lat_37",12.9478106930404,6.29105581842672,1990-05-30,1990
"184",1990,1,"Lat_38",13.7356370256584,7.03776895587628,1990-06-13,1990
"185",1990,1,"Lat_39",13.8973490382336,7.07995147737656,1990-05-14,1990
"186",1990,1,"Lat_40",28.6236559205916,12.0185747048317,1990-06-18,1990
"187",1990,1,"Lat_41",9.4210075861806,4.90276946181101,1990-07-20,1990
"188",1990,1,"Lat_42",0.00142333674019104,0.00202679319651327,1990-06-10,1990
"189",1990,1,"Lat_43",0.000421557956306372,0.00086663535956346,1990-07-06,1990
"190",1990,1,"Lat_44",0.000223472598567591,0.000686827650228091,1990-07-15,1990
"191",1991,1,"Lat_35",1.46403881628212,1.11337631540428,1991-07-02,1991
"192",1991,1,"Lat_36",9.65811832271457,3.56787136303,1991-07-02,1991
"193",1991,1,"Lat_37",28.3571691412868,9.82130831640956,1991-05-28,1991
"194",1991,1,"Lat_38",29.3357638416682,11.1788837472182,1991-07-01,1991
"195",1991,1,"Lat_39",35.3385221795499,13.872944682458,1991-07-07,1991
"196",1991,1,"Lat_40",31.9757914060808,9.64068747893012,1991-06-03,1991
"197",1991,1,"Lat_41",15.1854381664029,6.30601964499692,1991-07-22,1991
"198",1991,1,"Lat_42",0.00705610462721685,0.00729206590295526,1991-06-05,1991
"199",1991,1,"Lat_43",0.00129795421731987,0.00302704227084614,1991-07-09,1991
"200",1991,1,"Lat_44",0.001255429722124,0.00390058103761068,1991-07-08,1991
"201",1992,1,"Lat_35",1.13506091202601,0.896618405581905,1992-05-29,1992
"202",1992,1,"Lat_36",13.504845435553,6.02984224605901,1992-06-03,1992
"203",1992,1,"Lat_37",37.7096666575722,14.0560570388663,1992-07-18,1992
"204",1992,1,"Lat_38",65.0593730141934,24.8178237450068,1992-07-20,1992
"205",1992,1,"Lat_39",59.3520926966273,22.8330564146607,1992-07-13,1992
"206",1992,1,"Lat_40",56.5190117137344,16.7094539092736,1992-07-21,1992
"207",1992,1,"Lat_41",27.4077623941799,10.9577364172231,1992-06-05,1992
"208",1992,1,"Lat_42",0.00491105317500227,0.00493971171852443,1992-07-12,1992
"209",1992,1,"Lat_43",0.000539620364955775,0.00115606143289018,1992-07-21,1992
"210",1992,1,"Lat_44",0.000279546694702286,0.000821151080820153,1992-07-16,1992
"211",1993,1,"Lat_35",0.609730985753652,0.454062507555418,1993-05-27,1993
"212",1993,1,"Lat_36",10.2035978162362,4.31389207815259,1993-06-26,1993
"213",1993,1,"Lat_37",29.9250241603999,10.5297583822976,1993-06-21,1993
"214",1993,1,"Lat_38",25.7318329033951,9.50512809727312,1993-07-02,1993
"215",1993,1,"Lat_39",10.238902914211,4.33255919423759,1993-06-18,1993
"216",1993,1,"Lat_40",32.2278392027945,10.6877397752282,1993-05-01,1993
"217",1993,1,"Lat_41",15.0358369869025,6.05068444569193,1993-07-15,1993
"218",1993,1,"Lat_42",0.014901285724235,0.0137985241467717,1993-06-26,1993
"219",1993,1,"Lat_43",0.000538470180990514,0.00124147578987855,1993-07-13,1993
"220",1993,1,"Lat_44",0.000532808105654626,0.00160467264366999,1993-06-28,1993
"221",1994,1,"Lat_35",0.438285521215215,0.321022040286647,1994-07-05,1994
"222",1994,1,"Lat_36",6.47765148332198,2.55763443879267,1994-05-22,1994
"223",1994,1,"Lat_37",25.44534405111,8.89672442269497,1994-05-30,1994
"224",1994,1,"Lat_38",53.8787461090118,19.0352345181539,1994-07-28,1994
"225",1994,1,"Lat_39",60.2450644485969,23.3029987930763,1994-06-14,1994
"226",1994,1,"Lat_40",78.1472073536682,20.4039900134868,1994-06-24,1994
"227",1994,1,"Lat_41",28.8196199159778,11.0681539584712,1994-06-03,1994
"228",1994,1,"Lat_42",0.0122831471174263,0.014465131263134,1994-07-02,1994
"229",1994,1,"Lat_43",0.00231808369974651,0.0052126464058658,1994-06-09,1994
"230",1994,1,"Lat_44",0.00142117409327462,0.00418621370773474,1994-06-02,1994
"231",1995,1,"Lat_35",0.292427974337462,0.244911014425861,1995-05-10,1995
"232",1995,1,"Lat_36",5.72930421125849,2.40956281965291,1995-05-03,1995
"233",1995,1,"Lat_37",23.9788889837544,8.53892249507871,1995-05-08,1995
"234",1995,1,"Lat_38",61.0101298093716,20.6751252057887,1995-06-26,1995
"235",1995,1,"Lat_39",76.1948695882875,24.4888916543249,1995-05-22,1995
"236",1995,1,"Lat_40",124.701242447231,32.1505340721661,1995-06-17,1995
"237",1995,1,"Lat_41",57.4473107695708,20.8263714809649,1995-05-29,1995
"238",1995,1,"Lat_42",0.0117395960358466,0.0114814273140085,1995-06-28,1995
"239",1995,1,"Lat_43",0.00153325491207497,0.00355606515733448,1995-07-22,1995
"240",1995,1,"Lat_44",0.00154359492899283,0.0045470607631364,1995-07-21,1995
"241",1996,1,"Lat_35",0.688763623256943,0.59362681910406,1996-06-05,1996
"242",1996,1,"Lat_36",9.17025046987037,3.72036495473595,1996-06-12,1996
"243",1996,1,"Lat_37",36.3472494076373,11.9193143577483,1996-07-08,1996
"244",1996,1,"Lat_38",75.6783933524382,25.5720270619584,1996-05-09,1996
"245",1996,1,"Lat_39",99.3831521304713,35.1728023351161,1996-07-23,1996
"246",1996,1,"Lat_40",126.500028899133,30.0853208085126,1996-06-06,1996
"247",1996,1,"Lat_41",69.7686027964806,22.3290619324613,1996-05-25,1996
"248",1996,1,"Lat_42",0.0273099729365465,0.0419613081015227,1996-07-29,1996
"249",1996,1,"Lat_43",0.00287126964142509,0.00687588398244295,1996-07-18,1996
"250",1996,1,"Lat_44",0.000791826430741662,0.00236147877223543,1996-07-04,1996
"251",1997,1,"Lat_35",0.937952565864299,0.714568227473324,1997-06-27,1997
"252",1997,1,"Lat_36",16.9178340214909,6.3957037639159,1997-06-30,1997
"253",1997,1,"Lat_37",64.5230378172623,20.7143117882947,1997-07-06,1997
"254",1997,1,"Lat_38",132.982539454267,42.3949899533566,1997-07-02,1997
"255",1997,1,"Lat_39",149.209859270247,48.9846402870484,1997-07-06,1997
"256",1997,1,"Lat_40",305.277467746382,74.1428150670717,1997-07-10,1997
"257",1997,1,"Lat_41",186.047352662283,60.6592506934445,1997-05-04,1997
"258",1997,1,"Lat_42",0.133228958783867,0.161186292447647,1997-06-29,1997
"259",1997,1,"Lat_43",0.00281098083938696,0.00600301998515917,1997-05-15,1997
"260",1997,1,"Lat_44",0.00159353352118134,0.00471407198194301,1997-05-22,1997
"261",1998,1,"Lat_35",2.77292041210661,2.04055328405136,1998-06-15,1998
"262",1998,1,"Lat_36",45.0025458051499,15.0436836556414,1998-06-10,1998
"263",1998,1,"Lat_37",153.374903807606,47.4341208244198,1998-07-03,1998
"264",1998,1,"Lat_38",308.266269020588,94.8589387333132,1998-05-10,1998
"265",1998,1,"Lat_39",338.607982420228,127.088136039808,1998-07-03,1998
"266",1998,1,"Lat_40",593.192337095246,140.698011950896,1998-06-09,1998
"267",1998,1,"Lat_41",290.729173893698,93.0634393324776,1998-07-21,1998
"268",1998,1,"Lat_42",0.0463145437603408,0.0539876642433582,1998-05-05,1998
"269",1998,1,"Lat_43",0.00102821314352885,0.00260127137669352,1998-06-30,1998
"270",1998,1,"Lat_44",0.00105743165106159,0.00323942062298638,1998-06-05,1998
"271",1999,1,"Lat_35",0.77573768406497,0.606326980788081,1999-05-16,1999
"272",1999,1,"Lat_36",13.447475071564,4.86285738219806,1999-06-23,1999
"273",1999,1,"Lat_37",54.8400683110557,16.6851892916281,1999-05-30,1999
"274",1999,1,"Lat_38",155.525419232725,47.5672280782691,1999-07-24,1999
"275",1999,1,"Lat_39",229.672203971617,83.4399079093184,1999-07-21,1999
"276",1999,1,"Lat_40",658.882824698109,148.497340556581,1999-06-25,1999
"277",1999,1,"Lat_41",403.122275783854,139.326937190795,1999-05-10,1999
"278",1999,1,"Lat_42",0.0774902755951741,0.0693516719888601,1999-07-16,1999
"279",1999,1,"Lat_43",0.0115590078327855,0.0272276593428196,1999-06-20,1999
"280",1999,1,"Lat_44",0.00946693696681056,0.0300342136981419,1999-05-04,1999
"281",2000,1,"Lat_35",0.35636698230445,0.308013001830164,2000-06-21,2000
"282",2000,1,"Lat_36",5.55551613026054,2.44842739632504,2000-06-24,2000
"283",2000,1,"Lat_37",25.8520000075582,9.0578638171867,2000-05-04,2000
"284",2000,1,"Lat_38",81.0182666545813,26.4435528732624,2000-05-27,2000
"285",2000,1,"Lat_39",146.704230802984,52.8316154304875,2000-06-06,2000
"286",2000,1,"Lat_40",559.950378311335,119.878568818624,2000-06-08,2000
"287",2000,1,"Lat_41",340.29684067826,108.369770775226,2000-05-05,2000
"288",2000,1,"Lat_42",0.0662509970656983,0.0563269157495453,2000-05-23,2000
"289",2000,1,"Lat_43",0.00626804608268799,0.0147869207691666,2000-06-19,2000
"290",2000,1,"Lat_44",0.00652394621625798,0.0195403113825601,2000-05-04,2000
"291",2001,1,"Lat_35",0.615504492140392,0.613957258078163,2001-07-26,2001
"292",2001,1,"Lat_36",6.36493621390035,3.2367907444047,2001-06-05,2001
"293",2001,1,"Lat_37",28.1630694968244,11.2033278389338,2001-07-17,2001
"294",2001,1,"Lat_38",101.692776206267,32.7865061783452,2001-05-25,2001
"295",2001,1,"Lat_39",201.375039840602,75.9445798219636,2001-06-04,2001
"296",2001,1,"Lat_40",651.572961412229,145.278686378798,2001-05-05,2001
"297",2001,1,"Lat_41",341.382104414678,121.022047829462,2001-05-31,2001
"298",2001,1,"Lat_42",0.0508910606200817,0.0462590136746902,2001-06-13,2001
"299",2001,1,"Lat_43",0.00275360052444342,0.00583562514738551,2001-06-03,2001
"300",2001,1,"Lat_44",0.00174909327995897,0.00541494832228529,2001-05-18,2001
"301",2002,1,"Lat_35",0.622282808606855,0.560446459077391,2002-05-27,2002
"302",2002,1,"Lat_36",8.31591535293451,3.88299709045471,2002-05-09,2002
"303",2002,1,"Lat_37",44.9393114599057,15.1751867858385,2002-06-25,2002
"304",2002,1,"Lat_38",143.654733604585,44.4754722843878,2002-05-11,2002
"305",2002,1,"Lat_39",274.006434816858,98.5047571081288,2002-06-03,2002
"306",2002,1,"Lat_40",843.688751310411,180.295337003144,2002-05-23,2002
"307",2002,1,"Lat_41",358.526760303986,124.408304341092,2002-06-30,2002
"308",2002,1,"Lat_42",0.257840855684387,0.240709582007607,2002-06-23,2002
"309",2002,1,"Lat_43",0.0279085250952444,0.0601426501945291,2002-07-04,2002
"310",2002,1,"Lat_44",0.0176708250001605,0.0550916070887357,2002-07-12,2002
"311",2003,1,"Lat_35",0.615774918861626,0.558059350073019,2003-05-09,2003
"312",2003,1,"Lat_36",10.0650269541464,4.94404042096505,2003-05-29,2003
"313",2003,1,"Lat_37",54.9195351973786,19.6062796001746,2003-05-18,2003
"314",2003,1,"Lat_38",109.243732591035,36.2519512579573,2003-05-14,2003
"315",2003,1,"Lat_39",140.382796211816,50.3269278165355,2003-06-18,2003
"316",2003,1,"Lat_40",536.206403337825,125.503940620544,2003-06-19,2003
"317",2003,1,"Lat_41",314.06709270433,117.930099801861,2003-06-29,2003
"318",2003,1,"Lat_42",0.109334960502181,0.0988718219658704,2003-07-14,2003
"319",2003,1,"Lat_43",0.00442323965430244,0.00984071584298361,2003-06-09,2003
"320",2003,1,"Lat_44",0.00321995770856596,0.00973253808861423,2003-07-24,2003
"321",2004,1,"Lat_35",0.801996455056729,0.816308888216812,2004-07-04,2004
"322",2004,1,"Lat_36",11.0148005033165,5.68492931169793,2004-05-14,2004
"323",2004,1,"Lat_37",70.6948025478461,23.2599309160231,2004-06-04,2004
"324",2004,1,"Lat_38",138.575691778563,40.9455228092449,2004-05-28,2004
"325",2004,1,"Lat_39",243.369386890584,84.6972160788454,2004-07-15,2004
"326",2004,1,"Lat_40",974.499772145904,198.115578853223,2004-06-09,2004
"327",2004,1,"Lat_41",627.203417315042,194.749217282838,2004-06-22,2004
"328",2004,1,"Lat_42",0.192476251896192,0.275732548624234,2004-06-05,2004
"329",2004,1,"Lat_43",0.00202322156707968,0.00448286190662465,2004-06-17,2004
"330",2004,1,"Lat_44",0.00155195935451257,0.00489781281015647,2004-05-15,2004
"331",2005,1,"Lat_35",0.518687857013607,0.585376210402028,2005-05-17,2005
"332",2005,1,"Lat_36",6.94821123686076,3.94090111081156,2005-05-07,2005
"333",2005,1,"Lat_37",48.831966577276,16.8625253877321,2005-06-10,2005
"334",2005,1,"Lat_38",92.338707165537,32.690377833774,2005-06-21,2005
"335",2005,1,"Lat_39",144.054688905866,58.6729668225681,2005-07-15,2005
"336",2005,1,"Lat_40",602.101026327837,142.996962911369,2005-06-19,2005
"337",2005,1,"Lat_41",397.575811204052,119.040828168423,2005-05-19,2005
"338",2005,1,"Lat_42",0.240179947706032,0.217486796571245,2005-07-27,2005
"339",2005,1,"Lat_43",0.0187994826751284,0.040980575818668,2005-07-22,2005
"340",2005,1,"Lat_44",0.00703686996974337,0.0219586681206114,2005-06-27,2005
"341",2006,1,"Lat_35",0.288256749807437,0.30963290869683,2006-06-15,2006
"342",2006,1,"Lat_36",4.23217185337438,2.54628777700507,2006-06-20,2006
"343",2006,1,"Lat_37",30.2333156107586,11.6468777674257,2006-05-11,2006
"344",2006,1,"Lat_38",55.4725556249133,22.5530508210661,2006-07-22,2006
"345",2006,1,"Lat_39",104.57563315892,42.6305143944296,2006-06-16,2006
"346",2006,1,"Lat_40",657.196853206083,159.316349347183,2006-07-03,2006
"347",2006,1,"Lat_41",324.875598096161,109.518748748125,2006-06-03,2006
"348",2006,1,"Lat_42",0.100633064928317,0.102637391126427,2006-06-30,2006
"349",2006,1,"Lat_43",0.0163102405324575,0.035583340490756,2006-07-02,2006
"350",2006,1,"Lat_44",0.00820089527484248,0.025572442164972,2006-07-01,2006
"351",2007,1,"Lat_35",0.0143016553342857,0.0200659043762749,2007-07-30,2007
"352",2007,1,"Lat_36",4.46860620528797,4.11532369626329,2007-07-06,2007
"353",2007,1,"Lat_37",28.5002930978753,21.9183946107605,2007-07-03,2007
"354",2007,1,"Lat_38",40.1556584951403,30.7872122600855,2007-05-25,2007
"355",2007,1,"Lat_39",97.9179441820515,74.6702109606047,2007-06-28,2007
"356",2007,1,"Lat_40",415.70662053123,246.320040934295,2007-05-04,2007
"357",2007,1,"Lat_41",233.964767588527,152.263142809361,2007-06-13,2007
"358",2007,1,"Lat_42",0.169464174095358,0.200712082503956,2007-06-12,2007
"359",2007,1,"Lat_43",0.00118574433941315,0.00285031643136275,2007-05-18,2007
"360",2007,1,"Lat_44",0.000802029827482683,0.0026010785180049,2007-06-14,2007
"361",2008,1,"Lat_35",0.156130831332203,0.246161378348595,2008-07-17,2008
"362",2008,1,"Lat_36",2.41091287544428,2.84637183608686,2008-06-08,2008
"363",2008,1,"Lat_37",15.3895414442737,15.842856090959,2008-07-30,2008
"364",2008,1,"Lat_38",26.5421750505174,26.4647944656548,2008-07-20,2008
"365",2008,1,"Lat_39",4.18077069593679,4.17725722324032,2008-06-02,2008
"366",2008,1,"Lat_40",313.071687933061,262.493158698047,2008-05-03,2008
"367",2008,1,"Lat_41",137.158616079226,111.864701710816,2008-07-03,2008
"368",2008,1,"Lat_42",0.0598614287874991,0.0742548566398879,2008-07-02,2008
"369",2008,1,"Lat_43",0.0102879123141167,0.026326816118637,2008-05-22,2008
"370",2008,1,"Lat_44",0.00527265620276999,0.0172159954920619,2008-06-10,2008
"371",2009,1,"Lat_35",0.264756005702012,0.455140033186697,2009-07-01,2009
"372",2009,1,"Lat_36",4.6299746962069,6.25412924840764,2009-07-30,2009
"373",2009,1,"Lat_37",32.5975051468965,39.3165027263633,2009-05-18,2009
"374",2009,1,"Lat_38",59.2301586736241,69.4878901068364,2009-05-16,2009
"375",2009,1,"Lat_39",110.990635232529,130.038967366649,2009-06-12,2009
"376",2009,1,"Lat_40",551.990838285491,537.039461170263,2009-06-11,2009
"377",2009,1,"Lat_41",325.967644708749,338.050907982988,2009-05-10,2009
"378",2009,1,"Lat_42",0.130959009959203,0.186843600749816,2009-07-04,2009
"379",2009,1,"Lat_43",0.0126205848774235,0.0310345807066647,2009-06-08,2009
"380",2009,1,"Lat_44",0.00389551863183724,0.012808838147517,2009-06-06,2009
"381",2010,1,"Lat_35",0.310988329561022,0.585376772759271,2010-06-11,2010
"382",2010,1,"Lat_36",4.54952000409959,6.92544201724943,2010-06-23,2010
"383",2010,1,"Lat_37",29.3370254988748,40.5209981693344,2010-05-25,2010
"384",2010,1,"Lat_38",43.9587148569412,59.0272662877946,2010-05-21,2010
"385",2010,1,"Lat_39",105.054024181736,140.740300176558,2010-07-18,2010
"386",2010,1,"Lat_40",618.394453157423,689.651553656589,2010-06-15,2010
"387",2010,1,"Lat_41",231.212114963576,266.202791774719,2010-05-07,2010
"388",2010,1,"Lat_42",0.078301508157104,0.113903360938867,2010-07-17,2010
"389",2010,1,"Lat_43",0.0318795219201524,0.0773290829976536,2010-06-21,2010
"390",2010,1,"Lat_44",0.0139456074498414,0.0481855689670669,2010-05-28,2010
"391",2011,1,"Lat_35",0.33117972342306,0.678135817624404,2011-06-10,2011
"392",2011,1,"Lat_36",4.80090041609611,8.08977526885293,2011-05-13,2011
"393",2011,1,"Lat_37",33.1761029077129,51.244739260935,2011-06-16,2011
"394",2011,1,"Lat_38",51.3690690094688,76.3291977807933,2011-06-18,2011
"395",2011,1,"Lat_39",108.260776169686,160.239781521411,2011-07-13,2011
"396",2011,1,"Lat_40",747.139435784494,921.109850301428,2011-07-07,2011
"397",2011,1,"Lat_41",364.334852460988,471.652440079197,2011-06-27,2011
"398",2011,1,"Lat_42",0.441967580175843,0.728977170036367,2011-07-04,2011
"399",2011,1,"Lat_43",0.0115169504064022,0.0288002002557743,2011-07-29,2011
"400",2011,1,"Lat_44",0.00744226061209898,0.025724113038915,2011-05-21,2011
"401",2012,1,"Lat_35",0.288194626181794,0.625613120230956,2012-07-26,2012
"402",2012,1,"Lat_36",5.9256171989738,10.8389826266536,2012-06-10,2012
"403",2012,1,"Lat_37",31.411356602146,52.3986882184732,2012-05-21,2012
"404",2012,1,"Lat_38",41.8137794695943,67.6316259422009,2012-07-05,2012
"405",2012,1,"Lat_39",98.7858422105461,160.273316976459,2012-05-20,2012
"406",2012,1,"Lat_40",560.807101689941,757.618381402438,2012-07-01,2012
"407",2012,1,"Lat_41",250.785723655545,345.350241310823,2012-05-14,2012
"408",2012,1,"Lat_42",0.460389716774925,0.732477845142289,2012-07-24,2012
"409",2012,1,"Lat_43",0.0556403437751265,0.140498282317609,2012-05-25,2012
"410",2012,1,"Lat_44",0.0167531052707795,0.0587786493275215,2012-05-17,2012
"411",2013,1,"Lat_35",0.286434520179481,0.665598965035557,2013-05-25,2013
"412",2013,1,"Lat_36",4.61396289661174,9.10288739615659,2013-05-28,2013
"413",2013,1,"Lat_37",24.6563240467238,44.8194425768974,2013-06-16,2013
"414",2013,1,"Lat_38",35.1415360744095,62.0282012630038,2013-05-26,2013
"415",2013,1,"Lat_39",98.8720821346724,171.817085345569,2013-06-26,2013
"416",2013,1,"Lat_40",591.48953457671,862.368541123883,2013-06-20,2013
"417",2013,1,"Lat_41",299.977127856865,451.333036694558,2013-07-25,2013
"418",2013,1,"Lat_42",0.237256883150613,0.420258765070921,2013-05-14,2013
"419",2013,1,"Lat_43",0.0136580650681198,0.0349334637866633,2013-07-15,2013
"420",2013,1,"Lat_44",0.00706450303215581,0.025297091091375,2013-05-30,2013
"421",2014,1,"Lat_35",0.301409401282733,0.752927796307647,2014-06-20,2014
"422",2014,1,"Lat_36",4.24857746585115,8.76714347811814,2014-07-15,2014
"423",2014,1,"Lat_37",26.0378753965767,49.7804820754551,2014-06-30,2014
"424",2014,1,"Lat_38",52.5599180151627,96.6621507933643,2014-07-30,2014
"425",2014,1,"Lat_39",96.2798732286803,177.183403190166,2014-05-10,2014
"426",2014,1,"Lat_40",776.340417615004,1203.30926286178,2014-06-14,2014
"427",2014,1,"Lat_41",404.481804193831,651.813720193867,2014-06-22,2014
"428",2014,1,"Lat_42",0.276635021681624,0.546586518996959,2014-05-11,2014
"429",2014,1,"Lat_43",0.0621024769854991,0.165102702801875,2014-05-09,2014
"430",2014,1,"Lat_44",0.0172813126907635,0.0607040758896909,2014-06-29,2014
"431",2015,1,"Lat_35",0.271887936760478,0.701288461980763,2015-05-28,2015
"432",2015,1,"Lat_36",3.78408743245667,8.30074334302384,2015-05-06,2015
"433",2015,1,"Lat_37",31.024259342762,62.7823074143145,2015-05-05,2015
"434",2015,1,"Lat_38",38.2900088564688,75.8490806755512,2015-06-29,2015
"435",2015,1,"Lat_39",92.3291236640739,181.547807040503,2015-06-21,2015
"436",2015,1,"Lat_40",719.721517852645,1179.90160897178,2015-06-23,2015
"437",2015,1,"Lat_41",361.943130183438,619.941435233252,2015-07-10,2015
"438",2015,1,"Lat_42",0.288165971876106,0.541917392498706,2015-07-08,2015
"439",2015,1,"Lat_43",0.0156322394520409,0.0465225165752415,2015-05-05,2015
"440",2015,1,"Lat_44",0.0109679120455921,0.0402247951273414,2015-05-24,2015
"441",2016,1,"Lat_35",0.276180311463367,0.743324071552503,2016-05-26,2016
"442",2016,1,"Lat_36",4.0468138057001,9.26291144398402,2016-05-14,2016
"443",2016,1,"Lat_37",26.673944581505,56.6644661240953,2016-05-17,2016
"444",2016,1,"Lat_38",50.099054053534,102.742315485041,2016-06-24,2016
"445",2016,1,"Lat_39",86.6041455089265,178.091955324962,2016-07-03,2016
"446",2016,1,"Lat_40",808.559222858158,1398.72703836161,2016-06-17,2016
"447",2016,1,"Lat_41",415.0806585794,739.785712622341,2016-07-21,2016
"448",2016,1,"Lat_42",0.842081899927863,1.9641530764388,2016-05-20,2016
"449",2016,1,"Lat_43",0.0476497457001327,0.139205062479727,2016-07-05,2016
"450",2016,1,"Lat_44",0.0277064312972131,0.102256029948116,2016-07-06,2016
